{"stats":{"minecraft:used":{"minecraft:dirt":4},"minecraft:mined":{"minecraft:short_grass":1,"minecraft:acacia_log":2,"minecraft:grass_block":4},"minecraft:picked_up":{"minecraft:wheat_seeds":1,"minecraft:acacia_log":2,"minecraft:dirt":4},"minecraft:custom":{"minecraft:jump":27,"minecraft:time_since_rest":1718,"minecraft:crouch_one_cm":519,"minecraft:leave_game":2,"minecraft:play_time":1718,"minecraft:sprint_one_cm":3138,"minecraft:time_since_death":1718,"minecraft:walk_one_cm":2072,"minecraft:sneak_time":270,"minecraft:total_world_time":1718,"minecraft:fall_one_cm":209,"minecraft:fly_one_cm":6785}},"DataVersion":4082}